{
  "results": [
    {
      "command": "shasum -a 256 input.txt",
      "mean": 0.014404121712765956,
      "stddev": 0.0013566384540509872,
      "median": 0.0140361465,
      "user": 0.011950393617021274,
      "system": 0.0015510797872340422,
      "min": 0.012759397,
      "max": 0.020912795,
      "times": [
        0.015925096,
        0.014134497000000001,
        0.013664697000000002,
        0.013697096,
        0.013913797,
        0.013398297,
        0.013114197000000001,
        0.013396397,
        0.014763997000000001,
        0.013767797,
        0.013746596000000002,
        0.014013997,
        0.016023996000000002,
        0.013714297,
        0.014978097000000001,
        0.014052797,
        0.014035796000000001,
        0.013483997000000001,
        0.013337597000000001,
        0.013031397,
        0.013636597,
        0.013650397000000002,
        0.013396997,
        0.013477297000000001,
        0.013058097000000001,
        0.013196097,
        0.014135197,
        0.014658696,
        0.013547897000000001,
        0.017100896,
        0.013497997000000001,
        0.019292896,
        0.013645497000000001,
        0.014203596,
        0.013397497000000001,
        0.013925097,
        0.013150797,
        0.013106597000000001,
        0.014842097,
        0.015043596000000001,
        0.014942097000000001,
        0.013376897,
        0.016825696,
        0.014754296,
        0.014935497,
        0.016026296000000002,
        0.015299697000000001,
        0.014990096000000001,
        0.014610997,
        0.020912795,
        0.014121697,
        0.013946997000000001,
        0.013865897,
        0.014457796,
        0.013754197000000001,
        0.013636397000000001,
        0.013648397000000001,
        0.014118297,
        0.013348497,
        0.012759397,
        0.013395797000000001,
        0.014350296,
        0.013512397,
        0.014723097000000001,
        0.014104397000000001,
        0.013948696,
        0.014079497000000002,
        0.016668196,
        0.013404297,
        0.013609297000000001,
        0.015703596,
        0.014900197,
        0.012842297,
        0.012863497000000002,
        0.014317897000000001,
        0.014409097000000001,
        0.013365197,
        0.013756297,
        0.013507297000000001,
        0.013562797000000001,
        0.013673497000000001,
        0.013709097000000002,
        0.014518796,
        0.014187197,
        0.013398097000000001,
        0.014177597,
        0.016259396000000002,
        0.013946597000000002,
        0.014764397,
        0.014797696,
        0.013500697,
        0.012984097,
        0.013523997000000001,
        0.013933497000000001,
        0.014325197000000001,
        0.013421797000000001,
        0.013899897000000001,
        0.013891397000000002,
        0.013557497000000002,
        0.014516597000000001,
        0.014320596000000001,
        0.013773097000000002,
        0.013339097000000001,
        0.013224597000000001,
        0.014012897000000002,
        0.017916296,
        0.014345096000000002,
        0.015316697,
        0.019109896,
        0.015249696,
        0.013377397000000001,
        0.015115297000000001,
        0.014693897000000001,
        0.014760797,
        0.015152796000000001,
        0.014651997000000002,
        0.015716996,
        0.016715796,
        0.016143297,
        0.016493796,
        0.020763995,
        0.018938296,
        0.016824296000000002,
        0.016196896000000002,
        0.016147897,
        0.015830896,
        0.016085396000000002,
        0.014895997000000001,
        0.014324097000000001,
        0.013096297000000002,
        0.013749996,
        0.015806097,
        0.014981796,
        0.013698597000000002,
        0.014405897,
        0.014312197,
        0.014151396,
        0.014414197,
        0.013946997000000001,
        0.016146996,
        0.013291697000000002,
        0.016130996,
        0.018172596000000003,
        0.015421597,
        0.013371097,
        0.014163596,
        0.012921297,
        0.014132997000000001,
        0.014036497,
        0.013626597,
        0.014076897000000001,
        0.013615097000000001,
        0.014012597000000002,
        0.013971897,
        0.013623597000000001,
        0.013266997,
        0.013413797000000002,
        0.015609596000000002,
        0.015071397,
        0.014475396000000001,
        0.013357397,
        0.014443797000000001,
        0.014218897000000001,
        0.014016696,
        0.014385397000000001,
        0.013962697000000001,
        0.013330697,
        0.013583097,
        0.013713897000000001,
        0.013877696,
        0.013817197000000002,
        0.014126697,
        0.013804497,
        0.014457597,
        0.013590596000000002,
        0.014604297,
        0.016014996,
        0.014821097,
        0.014421997,
        0.014223596000000002,
        0.013409597,
        0.013117797,
        0.014310497,
        0.013206897,
        0.012907497,
        0.012768497,
        0.013623097,
        0.012802297
      ],
      "exit_codes": [
        0,
        0,
        0,
        0,
        0,
        0,
        0,
        0,
        0,
        0,
        0,
        0,
        0,
        0,
        0,
        0,
        0,
        0,
        0,
        0,
        0,
        0,
        0,
        0,
        0,
        0,
        0,
        0,
        0,
        0,
        0,
        0,
        0,
        0,
        0,
        0,
        0,
        0,
        0,
        0,
        0,
        0,
        0,
        0,
        0,
        0,
        0,
        0,
        0,
        0,
        0,
        0,
        0,
        0,
        0,
        0,
        0,
        0,
        0,
        0,
        0,
        0,
        0,
        0,
        0,
        0,
        0,
        0,
        0,
        0,
        0,
        0,
        0,
        0,
        0,
        0,
        0,
        0,
        0,
        0,
        0,
        0,
        0,
        0,
        0,
        0,
        0,
        0,
        0,
        0,
        0,
        0,
        0,
        0,
        0,
        0,
        0,
        0,
        0,
        0,
        0,
        0,
        0,
        0,
        0,
        0,
        0,
        0,
        0,
        0,
        0,
        0,
        0,
        0,
        0,
        0,
        0,
        0,
        0,
        0,
        0,
        0,
        0,
        0,
        0,
        0,
        0,
        0,
        0,
        0,
        0,
        0,
        0,
        0,
        0,
        0,
        0,
        0,
        0,
        0,
        0,
        0,
        0,
        0,
        0,
        0,
        0,
        0,
        0,
        0,
        0,
        0,
        0,
        0,
        0,
        0,
        0,
        0,
        0,
        0,
        0,
        0,
        0,
        0,
        0,
        0,
        0,
        0,
        0,
        0,
        0,
        0,
        0,
        0,
        0,
        0,
        0,
        0,
        0,
        0,
        0,
        0,
        0,
        0,
        0,
        0,
        0,
        0
      ]
    }
  ]
}
